Census 2000 PHC-T-33.  Earnings Distribution of U.S.Year-Round Full-Time Workers by Occupation and Sex: 1999,,,,
TABLE 1:  Earnings Distribution of All U.S.Year-Round Full-Time Workers by Occupation and Sex: 1999,,,,
"Source:  U.S. Census Bureau, Census 2000",,,,
"(Data based on a sample. For information on confidentiality protection, sampling error, nonsampling error, and definitions, see www.census.gov/prod/cen2000/docs/sf3.pdf.)",,,,
Occupation,SOC Codes,Number of YRFT workers,Female,Male
Chief executives,11-1011,"965,440","167,650","797,790"
General and operations managers,11-1021,"790,670","195,630","595,040"
Legislators,11-1031,"9,320","3,470","5,860"
Advertising and promotions managers,11-2011,"61,660","33,770","27,890"
Marketing and sales managers,11-2020,"861,770","337,840","523,930"
Public relations managers,11-2031,"53,940","29,480","24,450"
Administrative services managers,11-3011,"78,800","30,680","48,120"
Computer and information systems managers,11-3021,"281,520","79,950","201,570"
Financial managers,11-3031,"801,160","412,080","389,080"
Human resources managers,11-3040,"358,390","195,780","162,610"
Industrial production managers,11-3051,"269,260","41,490","227,780"
Purchasing managers,11-3061,"171,020","66,120","104,910"
"Transportation, storage, and distribution managers",11-3071,"203,130","33,330","169,800"
"Farm, ranch, and other agricultural managers",11-9011,"140,950","15,460","125,490"
Farmers and ranchers,11-9012,"362,670","38,360","324,300"
Construction managers,11-9021,"514,560","31,390","483,180"
Education administrators,11-9030,"473,910","274,130","199,780"
Engineering managers,11-9041,"145,250","9,170","136,080"
Food service managers,11-9051,"486,600","196,830","289,770"
Funeral directors,11-9061,"36,810","5,500","31,310"
Gaming managers,11-9071,"20,290","7,050","13,240"
Lodging managers,11-9081,"93,420","42,820","50,600"
Medical and health services managers,11-9111,"329,140","220,870","108,270"
Natural sciences managers,11-9121,"16,490","4,990","11,500"
Postmasters and mail superintendents,11-9131,"30,590","14,610","15,980"
"Property, real estate, and community association managers",11-9141,"300,490","148,040","152,450"
Social and community service managers,11-9151,"179,920","112,730","67,190"
"Managers, all other",11-9199,"1,607,220","521,170","1,086,050"
"Agents and business managers of artists, performers, and athletes",13-1011,"23,400","9,700","13,700"
"Purchasing agents and buyers, farm products",13-1021,"9,740","1,860","7,880"
"Wholesale and retail buyers, except farm products",13-1022,"150,450","71,720","78,720"
"Purchasing agents, except wholesale, retail, and farm products",13-1023,"218,260","113,550","104,710"
"Claims adjusters, appraisers, examiners, and investigators",13-1030,"240,760","151,990","88,770"
"Compliance officers, except agriculture, construction, health and safety, and transportation",13-1041,"80,880","36,500","44,380"
Cost estimators,13-1051,"87,740","9,800","77,950"
"Human resources, training, and labor relations specialists",13-1070,"660,750","433,060","227,690"
Logisticians,13-1081,"31,710","10,870","20,840"
Management analysts,13-1111,"383,920","140,710","243,210"
Meeting and convention planners,13-1121,"22,620","17,310","5,310"
Other business operations specialists,13-1161 & 13-1199,"169,810","94,100","75,710"
Accountants and auditors,13-2011,"1,327,040","715,960","611,080"
Appraisers and assessors of real estate,13-2021,"75,720","23,390","52,330"
Budget analysts,13-2031,"39,460","24,550","14,910"
Credit analysts,13-2041,"24,870","15,000","9,870"
Financial analysts,13-2051,"43,680","13,750","29,930"
Personal financial advisors,13-2052,"188,690","56,200","132,490"
Insurance underwriters,13-2053,"69,980","47,480","22,500"
Financial examiners,13-2061,"10,240","4,150","6,090"
Loan counselors and officers,13-2070,"259,750","139,440","120,310"
"Tax examiners, collectors, and revenue agents",13-2081,"55,600","32,810","22,790"
Tax preparers,13-2082,"36,500","20,080","16,430"
"Financial specialists, all other",13-2099,"34,580","19,610","14,970"
Computer scientists and systems analysts,"15-1011, 15-1051, & 15-1099","537,310","174,240","363,060"
Computer programmers,15-1021,"505,590","131,730","373,870"
Computer software engineers,15-1030,"580,590","134,350","446,240"
Computer support specialists,15-1041,"294,340","107,120","187,220"
Database administrators,15-1061,"62,200","24,710","37,490"
Network and computer systems administrators,15-1071,"160,910","37,240","123,670"
Network systems and data communications analysts,15-1081,"232,940","56,970","175,980"
Actuaries,15-2011,"19,000","5,850","13,150"
Mathematicians,15-2021,"2,300",400,"1,910"
Operations research analysts,15-2031,"83,750","38,400","45,360"
Statisticians,15-2041,"17,670","7,900","9,770"
Miscellaneous mathematical science occupations,15-2090,"2,500",970,"1,530"
"Architects, except naval",17-1010,"147,780","24,270","123,510"
"Surveyors, cartographers, and photogrammetrists",17-1020,"27,510","4,520","22,990"
Aerospace engineers,17-2011,"97,090","8,260","88,830"
Agricultural engineers,17-2021,"2,270",80,"2,180"
Biomedical engineers,17-2031,"7,760",760,"6,990"
Chemical engineers,17-2041,"55,530","7,240","48,290"
Civil engineers,17-2051,"229,980","21,110","208,870"
Computer hardware engineers,17-2061,"51,120","6,880","44,250"
Electrical and electronics engineers,17-2070,"266,820","20,950","245,880"
Environmental engineers,17-2081,"29,370","5,670","23,700"
"Industrial engineers, including health and safety",17-2110,"162,390","25,150","137,240"
Marine engineers and naval architects,17-2121,"8,690",410,"8,280"
Materials engineers,17-2131,"32,650","3,600","29,050"
Mechanical engineers,17-2141,"236,200","13,920","222,290"
"Mining and geological engineers, including mining safety engineers",17-2151,"5,550",320,"5,230"
Nuclear engineers,17-2161,"7,410",580,"6,830"
Petroleum engineers,17-2171,"12,520",730,"11,790"
"Engineers, all other",17-2199,"262,630","24,880","237,740"
Drafters,17-3010,"165,090","29,150","135,930"
"Engineering technicians, except drafters",17-3020,"352,690","59,400","293,290"
Surveying and mapping technicians,17-3031,"58,590","3,900","54,690"
Agricultural and food scientists,19-1010,"20,370","4,280","16,090"
Biological scientists,19-1020,"62,810","25,030","37,780"
Conservation scientists and foresters,19-1030,"23,900","3,050","20,860"
Medical scientists,19-1040,"61,830","26,850","34,990"
Astronomers and physicists,19-2010,"16,940","2,090","14,850"
Atmospheric and space scientists,19-2021,"8,000",920,"7,070"
Chemists and materials scientists,19-2030,"87,230","26,550","60,680"
Environmental scientists and geoscientists,19-2040,"67,050","14,160","52,890"
"Physical scientists, all other",19-2099,"108,340","34,110","74,230"
Economists,19-3011,"21,830","5,960","15,870"
Market and survey researchers,19-3020,"61,540","29,170","32,370"
Psychologists,19-3030,"87,120","46,680","40,440"
Sociologists,19-3041,"1,950","1,020",930
Urban and regional planners,19-3051,"18,140","5,690","12,440"
Miscellaneous social scientists and related workers,19-3090,"21,140","9,240","11,900"
Agricultural and food science technicians,19-4011,"19,390","7,690","11,710"
Biological technicians,19-4021,"12,030","5,760","6,280"
Chemical technicians,19-4031,"69,320","20,920","48,400"
Geological and petroleum technicians,19-4041,"9,450","2,090","7,350"
Nuclear technicians,19-4051,"3,100",500,"2,610"
"Other life, physical, and social science technicians",19-4061 & 19-4090,"76,220","32,540","43,680"
Counselors,21-1010,"309,310","192,610","116,700"
Social workers,21-1020,"455,920","349,960","105,960"
Miscellaneous community and social service specialists,21-1090,"181,610","108,530","73,090"
Clergy,21-2011,"285,580","31,540","254,040"
"Directors, religious activities and education",21-2021,"28,730","15,380","13,350"
"Religious workers, all other",21-2099,"37,230","19,400","17,830"
Lawyers,23-1011,"702,480","180,560","521,920"
"Judges, magistrates, and other judicial workers",23-1020,"46,590","16,700","29,890"
Paralegals and legal assistants,23-2011,"202,450","177,430","25,020"
Miscellaneous legal support workers,23-2090,"141,720","104,500","37,220"
Postsecondary teachers,25-1000,"534,100","206,640","327,460"
Preschool and kindergarten teachers,25-2010,"224,730","219,000","5,720"
Elementary and middle school teachers,25-2020,"2,143,750","1,651,840","491,910"
Secondary school teachers,25-2030,"563,090","313,960","249,130"
Special education teachers,25-2040,"121,790","103,750","18,050"
Other teachers and instructors,25-3000,"220,110","123,610","96,510"
"Archivists, curators, and museum technicians",25-4010,"21,930","11,790","10,150"
Librarians,25-4021,"98,200","77,880","20,320"
Library technicians,25-4031,"12,280","9,550","2,730"
Teacher assistants,25-9041,"175,770","157,100","18,670"
"Other education, training, and library workers","25-9011, 25-9021, 25-9031, & 25-9099","32,460","19,510","12,940"
Artists and related workers,27-1010,"120,030","45,810","74,230"
Designers,27-1020,"459,070","219,540","239,540"
Actors,27-2011,"6,450","2,480","3,970"
Producers and directors,27-2012,"92,750","32,450","60,300"
"Athletes, coaches, umpires, and related workers",27-2020,"66,700","12,710","53,990"
Dancers and choreographers,27-2030,"5,960","4,960","1,010"
"Musicians, singers, and related workers",27-2040,"50,450","12,340","38,110"
"Entertainers and performers, sports and related workers, all other",27-2099,"11,490","4,540","6,950"
Announcers,27-3010,"26,210","5,070","21,140"
"News analysts, reporters and correspondents",27-3020,"59,860","25,340","34,530"
Public relations specialists,27-3031,"95,700","56,410","39,290"
Editors,27-3041,"120,880","61,320","59,560"
Technical writers,27-3042,"51,710","26,560","25,150"
Writers and authors,27-3043,"81,490","37,850","43,640"
Miscellaneous media and communication workers,27-3090,"24,080","14,020","10,070"
Broadcast and sound engineering technicians and radio operators,27-4010,"56,560","6,860","49,700"
Photographers,27-4021,"63,320","17,400","45,920"
"Television, video, and motion picture camera operators and editors",27-4030,"14,940","2,200","12,740"
"Media and communication equipment workers, all other",27-4099,500,70,430
Chiropractors,29-1011,"32,670","5,210","27,460"
Dentists,29-1020,"87,100","12,710","74,390"
Dietitians and nutritionists,29-1031,"45,910","40,710","5,200"
Optometrists,29-1041,"21,440","4,420","17,020"
Pharmacists,29-1051,"147,290","57,610","89,680"
Physicians and surgeons,29-1060,"515,500","122,230","393,270"
Physician assistants,29-1071,"37,660","21,950","15,710"
Podiatrists,29-1081,"7,770",970,"6,810"
Registered nurses,29-1111,"1,384,630","1,254,900","129,740"
Audiologists,29-1121,"7,280","4,930","2,360"
Occupational therapists,29-1122,"31,080","26,660","4,420"
Physical therapists,29-1123,"79,440","49,390","30,050"
Radiation therapists,29-1124,"8,090","5,410","2,680"
Recreational therapists,29-1125,"11,210","8,090","3,120"
Respiratory therapists,29-1126,"60,810","34,300","26,510"
Speech-language pathologists,29-1127,"35,680","33,390","2,280"
"Therapists, all other",29-1129,"40,110","27,940","12,170"
Veterinarians,29-1131,"44,560","15,140","29,420"
"Health diagnosing and treating practitioners, all other",29-1199,"4,560","2,390","2,180"
Clinical laboratory technologists and technicians,29-2010,"196,850","140,970","55,880"
Dental hygienists,29-2021,"37,400","35,930","1,470"
Diagnostic related technologists and technicians,29-2030,"155,210","103,770","51,430"
Emergency medical technicians and paramedics,29-2041,"83,330","22,930","60,400"
Health diagnosing and treating practitioner support technicians,29-2050,"168,700","133,670","35,020"
Licensed practical and licensed vocational nurses,29-2061,"353,090","325,090","28,000"
Medical records and health information technicians,29-2071,"59,770","54,400","5,370"
"Opticians, dispensing",29-2081,"33,860","20,570","13,290"
Miscellaneous health technologists and technicians,29-2090,"53,790","31,550","22,240"
Other healthcare practitioners and technical occupations,29-9000,"48,290","15,280","33,000"
"Nursing, psychiatric, and home health aides",31-1010,"853,210","730,750","122,460"
Occupational therapist assistants and aides,31-2010,"4,980","4,100",880
Physical therapist assistants and aides,31-2020,"26,580","19,130","7,440"
Massage therapists,31-9011,"20,940","15,710","5,230"
Dental assistants,31-9091,"100,140","97,430","2,710"
Medical assistants and other healthcare support occupations,"31-9092,  31-9093, 31-9094, 31-9095, 31-9096, 31-9097, 31-9098, & 31-9099","307,590","271,460","36,140"
First-line supervisors/managers of correctional officers,33-1011,"41,090","9,810","31,280"
First-line supervisors/managers of police and detectives,33-1012,"95,320","11,840","83,480"
First-line supervisors/managers of fire fighting and prevention workers,33-1021,"41,910","1,220","40,690"
"Supervisors, protective service workers, all other",33-1099,"71,040","16,190","54,840"
Fire fighters,33-2011,"208,870","6,490","202,380"
Fire inspectors,33-2020,"16,000","1,310","14,700"
"Bailiffs, correctional officers, and jailers",33-3010,"312,730","75,470","237,260"
Detectives and criminal investigators,33-3021,"101,350","20,530","80,820"
Fish and game wardens,33-3031,"2,930",220,"2,710"
Parking enforcement workers,33-3041,"3,230","1,420","1,800"
Police and sheriff's patrol officers,33-3051,"519,840","63,710","456,130"
Transit and railroad police,33-3052,690,60,630
Animal control workers,33-9011,"7,830","2,550","5,280"
Private detectives and investigators,33-9021,"46,670","16,320","30,350"
Security guards and gaming surveillance officers,33-9030,"420,650","79,690","340,960"
Crossing guards,33-9091,"5,490","2,810","2,680"
Lifeguards and other protective service workers,33-9092 & 33-9099,"12,710","5,960","6,750"
Chefs and head cooks,35-1011,"157,770","24,670","133,110"
First-line supervisors/managers of food preparation and serving workers,35-1012,"308,910","162,750","146,150"
Cooks,35-2010,"646,890","266,370","380,520"
Food preparation workers,35-2021,"135,840","76,360","59,480"
Bartenders,35-3011,"136,840","64,800","72,040"
"Combined food preparation and serving workers, including fast food",35-3021,"84,530","61,250","23,270"
"Counter attendants, cafeteria, food concession, and coffee shop",35-3022,"23,740","15,990","7,750"
Waiters and waitresses,35-3031,"442,390","307,140","135,250"
"Food servers, nonrestaurant",35-3041,"50,870","33,970","16,900"
Dining room and cafeteria attendants and bartender helpers,35-9011,"53,100","20,490","32,610"
Dishwashers,35-9021,"59,420","11,730","47,680"
"Hosts and hostesses, restaurant, lounge, and coffee shop",35-9031,"26,850","22,210","4,640"
"Food preparation and serving related workers, all other",35-9099,"1,870",990,880
First-line supervisors/managers of housekeeping and janitorial workers,37-1011,"132,380","48,380","84,000"
"First-line supervisors/managers of landscaping, lawn service, and groundskeeping workers",37-1012,"94,220","5,360","88,860"
Janitors and building cleaners,37-2011 & 37-2019,"983,990","216,900","767,090"
Maids and housekeeping cleaners,37-2012,"437,190","365,710","71,480"
Pest control workers,37-2021,"45,570","2,420","43,150"
Grounds maintenance workers,37-3010,"437,270","25,180","412,090"
First-line supervisors/managers of gaming workers,39-1010,"40,560","15,300","25,260"
First-line supervisors/managers of personal service workers,39-1021,"76,750","41,980","34,780"
Animal trainers,39-2011,"22,620","9,180","13,440"
Nonfarm animal caretakers,39-2021,"50,410","32,130","18,280"
Gaming services workers,39-3010,"52,620","25,310","27,310"
Motion picture projectionists,39-3021,"3,100",480,"2,620"
"Ushers, lobby attendants, and ticket takers",39-3031,"12,740","2,190","10,550"
Miscellaneous entertainment attendants and related workers,39-3090,"30,900","11,840","19,060"
Funeral service workers,39-4000,"5,970","1,330","4,640"
Barbers,39-5011,"48,680","9,350","39,330"
"Hairdressers, hairstylists, and cosmetologists",39-5012,"305,440","264,960","40,490"
Miscellaneous personal appearance workers,39-5090,"55,350","48,050","7,300"
"Baggage porters, bellhops, and concierges",39-6010,"29,990","4,450","25,540"
Tour and travel guides,39-6020,"9,900","4,050","5,850"
Transportation attendants,39-6030,"51,990","38,250","13,740"
Child care workers,39-9011,"464,100","443,130","20,970"
Personal and home care aides,39-9021,"108,720","91,680","17,040"
Recreation and fitness workers,39-9030,"106,550","61,770","44,780"
Residential advisors,39-9041,"22,640","15,210","7,440"
"Personal care and service workers, all other",39-9099,"14,500","4,780","9,710"
First-line supervisors/managers of retail sales workers,41-1011,"2,167,180","821,670","1,345,510"
First-line supervisors/managers of non-retail sales workers,41-1012,"768,420","234,100","534,320"
Cashiers,41-2010,"770,520","564,000","206,510"
Counter and rental clerks,41-2021,"55,260","30,070","25,190"
Parts salespersons,41-2022,"97,580","9,060","88,520"
Retail salespersons,41-2031,"1,536,280","602,440","933,840"
Advertising sales agents,41-3011,"147,180","73,410","73,770"
Insurance sales agents,41-3021,"385,520","154,580","230,940"
"Securities, commodities, and financial services sales agents",41-3031,"290,550","89,630","200,920"
Travel agents,41-3041,"89,840","73,060","16,780"
"Sales representatives, services, all other",41-3099,"433,010","134,640","298,380"
"Sales representatives, wholesale and manufacturing",41-4010,"1,109,620","248,500","861,120"
"Models, demonstrators, and product promoters",41-9010,"11,870","6,860","5,010"
Real estate brokers and sales agents,41-9020,"418,850","206,220","212,630"
Sales engineers,41-9031,"29,540","1,620","27,920"
Telemarketers,41-9041,"70,840","43,320","27,510"
"Door-to-door sales workers, news and street vendors, and related workers",41-9091,"56,450","22,310","34,140"
"Sales and related workers, all other",41-9099,"132,230","61,240","70,990"
First-line supervisors/managers of office and administrative support workers,43-1011,"1,335,860","882,160","453,700"
"Switchboard operators, including answering service",43-2011,"41,040","36,030","5,010"
Telephone operators,43-2021,"47,320","37,970","9,350"
"Communications equipment operators, all other",43-2099,"8,640","4,590","4,050"
Bill and account collectors,43-3011,"140,250","99,630","40,610"
Billing and posting clerks and machine operators,43-3021,"262,290","231,510","30,780"
"Bookkeeping, accounting, and auditing clerks",43-3031,"1,080,270","964,160","116,110"
Gaming cage workers,43-3041,"4,840","3,610","1,230"
Payroll and timekeeping clerks,43-3051,"148,710","133,900","14,810"
Procurement clerks,43-3061,"30,660","19,030","11,630"
Tellers,43-3071,"200,360","184,690","15,670"
Brokerage clerks,43-4011,"7,470","4,800","2,680"
Correspondence clerks,43-4021,"5,510","4,570",940
"Court, municipal, and license clerks",43-4031,"56,420","45,180","11,250"
"Credit authorizers, checkers, and clerks",43-4041,"38,210","29,280","8,930"
Customer service representatives,43-4051,"1,248,770","865,190","383,590"
"Eligibility interviewers, government programs",43-4061,"51,580","41,540","10,040"
File clerks,43-4071,"139,060","110,260","28,800"
"Hotel, motel, and resort desk clerks",43-4081,"48,630","31,990","16,640"
"Interviewers, except eligibility and loan",43-4111,"65,510","50,970","14,550"
"Library assistants, clerical",43-4121,"42,450","35,600","6,850"
Loan interviewers and clerks,43-4131,"88,740","74,830","13,920"
New accounts clerks,43-4141,"11,630","10,020","1,620"
Order clerks,43-4151,"96,170","59,850","36,310"
"Human resources assistants, except payroll and timekeeping",43-4161,"36,910","30,200","6,710"
Receptionists and information clerks,43-4171,"476,580","446,440","30,140"
Reservation and transportation ticket agents and travel clerks,43-4181,"113,600","70,730","42,870"
"Information and record clerks, all other",43-4199,"42,680","35,100","7,580"
Cargo and freight agents,43-5011,"14,310","3,650","10,660"
Couriers and messengers,43-5021,"103,970","17,720","86,260"
Dispatchers,43-5030,"186,580","94,240","92,340"
"Meter readers, utilities",43-5041,"32,750","5,210","27,540"
Postal service clerks,43-5051,"127,010","62,530","64,480"
Postal service mail carriers,43-5052,"282,690","80,570","202,120"
"Postal service mail sorters, processors, and processing machine operators",43-5053,"97,120","43,940","53,180"
"Production, planning, and expediting clerks",43-5061,"258,500","130,680","127,830"
"Shipping, receiving, and traffic clerks",43-5071,"439,060","126,590","312,470"
Stock clerks and order fillers,43-5081,"605,170","221,930","383,230"
"Weighers, measurers, checkers, and samplers, recordkeeping",43-5111,"48,940","20,560","28,380"
Secretaries and administrative assistants,43-6010,"2,409,830","2,330,670","79,160"
Computer operators,43-9011,"183,700","91,700","92,000"
Data entry keyers,43-9021,"325,930","271,630","54,310"
Word processors and typists,43-9022,"97,090","91,580","5,510"
Desktop publishers,43-9031,"9,950","6,180","3,770"
Insurance claims and policy processing clerks,43-9041,"158,080","135,100","22,980"
"Mail clerks and mail machine operators, except postal service",43-9051,"82,410","40,500","41,910"
"Office clerks, general",43-9061,"736,160","625,950","110,210"
"Office machine operators, except computer",43-9071,"32,890","18,540","14,350"
Proofreaders and copy markers,43-9081,"10,870","7,750","3,120"
Statistical assistants,43-9111,"22,620","14,900","7,720"
"Office and administrative support workers, all other",43-9199,"339,300","244,900","94,400"
"First-line supervisors/managers of farming, fishing, and forestry workers",45-1010,"37,010","4,940","32,070"
Agricultural inspectors,45-2011,"8,680","2,310","6,370"
Animal breeders,45-2021,"3,580","1,470","2,110"
"Graders and sorters, agricultural products",45-2041,"11,780","6,240","5,540"
Miscellaneous agricultural workers,45-2090,"283,100","44,450","238,660"
Fishers and related fishing workers,45-3000,"18,970",680,"18,300"
Hunters and trappers,45-3021,710,80,630
Forest and conservation workers,45-4011,"8,710",990,"7,720"
Logging workers,45-4020,"52,930","1,390","51,540"
First-line supervisors/managers of construction trades and extraction workers,47-1011,"720,740","17,110","703,630"
Boilermakers,47-2011,"11,250",350,"10,890"
"Brickmasons, blockmasons, and stonemasons",47-2020,"101,810","1,040","100,770"
Carpenters,47-2031,"803,840","12,070","791,770"
"Carpet, floor, and tile installers and finishers",47-2040,"129,130","2,690","126,440"
"Cement masons, concrete finishers, and terrazzo workers",47-2050,"43,820",480,"43,340"
Construction laborers,47-2061,"578,650","15,800","562,850"
"Paving, surfacing, and tamping equipment operators",47-2071,"7,230",270,"6,960"
Pile-driver operators,47-2072,"1,110",10,"1,100"
Operating engineers and other construction equipment operators,47-2073,"224,000","3,790","220,220"
"Drywall installers, ceiling tile installers, and tapers",47-2080,"98,850","2,160","96,690"
Electricians,47-2111,"533,790","11,600","522,180"
Glaziers,47-2121,"34,250","1,290","32,970"
Insulation workers,47-2130,"25,320",900,"24,420"
"Painters, construction and maintenance",47-2141,"269,460","14,110","255,350"
Paperhangers,47-2142,"8,300","1,670","6,630"
"Pipelayers, plumbers, pipefitters, and steamfitters",47-2150,"380,780","5,650","375,130"
Plasterers and stucco masons,47-2161,"22,200",270,"21,930"
Reinforcing iron and rebar workers,47-2171,"3,530",90,"3,430"
Roofers,47-2181,"98,760","1,680","97,080"
Sheet metal workers,47-2211,"114,110","4,420","109,690"
Structural iron and steel workers,47-2221,"46,800",990,"45,810"
"Helpers, construction trades",47-3010,"28,780","1,230","27,560"
Construction and building inspectors,47-4011,"60,410","5,440","54,970"
Elevator installers and repairers,47-4021,"22,220",230,"21,980"
Fence erectors,47-4031,"14,700",240,"14,460"
Hazardous materials removal workers,47-4041,"12,060","1,200","10,860"
Highway maintenance workers,47-4051,"70,700","2,570","68,130"
Rail-track laying and maintenance equipment operators,47-4061,"8,330",90,"8,240"
Septic tank servicers and sewer pipe cleaners,47-4071,"5,740",140,"5,600"
Miscellaneous construction and related workers,47-4090,"19,090",610,"18,490"
"Derrick, rotary drill, and service unit operators, oil, gas, and mining",47-5010,"6,850",120,"6,730"
"Earth drillers, except oil and gas",47-5021,"19,160",220,"18,940"
"Explosives workers, ordnance handling experts, and blasters",47-5031,"6,830",560,"6,270"
Mining machine operators,47-5040,"34,210",840,"33,370"
"Roof bolters, mining",47-5061,"2,190",10,"2,180"
"Roustabouts, oil and gas",47-5071,970,10,960
"Helpers, extraction workers",47-5081,"1,850",50,"1,800"
Other extraction workers,47-5051 & 47-5099,"12,670",450,"12,220"
"First-line supervisors/managers of mechanics, installers, and repairers",49-1011,"329,430","25,050","304,390"
"Computer, automated teller, and office machine repairers",49-2011,"194,020","24,860","169,160"
Radio and telecommunications equipment installers and repairers,49-2020,"185,460","24,010","161,450"
Avionics technicians,49-2091,"12,110","1,230","10,880"
"Electric motor, power tool, and related repairers",49-2092,"28,050","1,150","26,900"
"Electrical and electronics installers and repairers, transportation equipment",49-2093,"3,030",160,"2,870"
"Electrical and electronics repairers, industrial and utility",49-2094 & 49-2095,"11,470",690,"10,780"
"Electronic equipment installers and repairers, motor vehicles",49-2096,"21,140",930,"20,210"
Electronic home entertainment equipment installers and repairers,49-2097,"30,280","1,230","29,060"
Security and fire alarm systems installers,49-2098,"34,660",960,"33,700"
Aircraft mechanics and service technicians,49-3011,"151,140","6,540","144,600"
Automotive body and related repairers,49-3021,"131,780","2,040","129,740"
Automotive glass installers and repairers,49-3022,"11,130",300,"10,830"
Automotive service technicians and mechanics,49-3023,"738,290","11,820","726,470"
Bus and truck mechanics and diesel engine specialists,49-3031,"244,690","2,360","242,330"
Heavy vehicle and mobile equipment service technicians and mechanics,49-3040,"143,610","1,070","142,540"
Small engine mechanics,49-3050,"32,450",550,"31,900"
"Miscellaneous vehicle and mobile equipment mechanics, installers, and repairers",49-3090,"40,310",580,"39,730"
Control and valve installers and repairers,49-9010,"17,630",790,"16,840"
"Heating, air conditioning, and refrigeration mechanics and installers",49-9021,"232,880","3,490","229,390"
Home appliance repairers,49-9031,"37,920",950,"36,980"
Industrial and refractory machinery mechanics,49-9041 & 49-9045,"396,870","13,160","383,710"
"Maintenance and repair workers, general",49-9042,"324,050","11,700","312,340"
"Maintenance workers, machinery",49-9043,"18,520",790,"17,730"
Millwrights,49-9044,"58,110","1,160","56,950"
Electrical power-line installers and repairers,49-9051,"87,740","1,800","85,950"
Telecommunications line installers and repairers,49-9052,"134,360","8,470","125,890"
Precision instrument and equipment repairers,49-9060,"53,610","5,480","48,130"
"Coin, vending, and amusement machine servicers and repairers",49-9091,"36,830","5,280","31,560"
Commercial divers,49-9092,"1,590",50,"1,540"
Locksmiths and safe repairers,49-9094,"21,830","1,330","20,510"
Manufactured building and mobile home installers,49-9095,"13,820",510,"13,300"
Riggers,49-9096,"5,920",90,"5,830"
Signal and track switch repairers,49-9097,"4,750",20,"4,730"
"Helpers, installation, maintenance, and repair workers",49-9098,"8,080",860,"7,220"
"Other installation, maintenance, and repair workers",49-9093 & 49-9099,"166,740","10,280","156,460"
First-line supervisors/managers of production and operating workers,51-1011,"1,094,900","211,580","883,320"
"Aircraft structure, surfaces, rigging, and systems assemblers",51-2011,"8,790","2,710","6,090"
"Electrical, electronics, and electromechanical assemblers",51-2020,"182,350","108,700","73,650"
Engine and other machine assemblers,51-2031,"21,690","4,490","17,190"
Structural metal fabricators and fitters,51-2041,"22,600",980,"21,620"
Miscellaneous assemblers and fabricators,51-2090,"795,820","326,300","469,510"
Bakers,51-3011,"91,090","39,210","51,880"
"Butchers and other meat, poultry, and fish processing workers",51-3020,"180,200","34,960","145,240"
"Food and tobacco roasting, baking, and drying machine operators and tenders",51-3091,"5,850","1,480","4,370"
Food batchmakers,51-3092,"43,690","21,600","22,090"
Food cooking machine operators and tenders,51-3093,"4,140","1,480","2,670"
Computer control programmers and operators,51-4010,"35,630","4,000","31,640"
"Extruding and drawing machine setters, operators, and tenders, metal and plastic",51-4021,"13,810","2,120","11,690"
"Forging machine setters, operators, and tenders, metal and plastic",51-4022,"10,760",630,"10,130"
"Rolling machine setters, operators, and tenders, metal and plastic",51-4023,"12,000","3,100","8,900"
"Cutting, punching, and press machine setters, operators, and tenders, metal and plastic",51-4031,"100,100","26,330","73,770"
"Drilling and boring machine tool setters, operators, and tenders, metal and plastic",51-4032,"7,400","1,530","5,880"
"Grinding, lapping, polishing, and buffing machine tool setters, operators, and tenders, metal and plastic",51-4033,"59,210","7,080","52,130"
"Lathe and turning machine tool setters, operators, and tenders, metal and plastic",51-4034,"14,630","1,670","12,970"
"Milling and planing machine setters, operators, and tenders, metal and plastic",51-4035,"2,460",410,"2,050"
Machinists,51-4041,"396,110","18,390","377,730"
Metal furnace and kiln operators and tenders,51-4050,"27,570","1,910","25,660"
"Model makers and patternmakers, metal and plastic",51-4060,"12,060","1,480","10,590"
"Molders and molding machine setters, operators, and tenders, metal and plastic",51-4070,"70,860","14,050","56,810"
"Multiple machine tool setters, operators, and tenders, metal and plastic",51-4081,"6,080","1,610","4,470"
Tool and die makers,51-4111,"103,800","2,970","100,830"
"Welding, soldering, and brazing workers",51-4120,"441,080","30,400","410,680"
"Heat treating equipment setters, operators, and tenders, metal and plastic",51-4191,"9,590",770,"8,820"
"Lay-out workers, metal and plastic",51-4192,"7,710",800,"6,910"
"Plating and coating machine setters, operators, and tenders, metal and plastic",51-4193,"18,010","2,230","15,780"
"Tool grinders, filers, and sharpeners",51-4194,"10,130",540,"9,590"
"Metalworkers and plastic workers, all other",51-4199,"430,940","115,570","315,380"
Bookbinders and bindery workers,51-5010,"32,910","15,290","17,620"
Job printers,51-5021,"64,210","12,330","51,880"
Prepress technicians and workers,51-5022,"53,230","22,660","30,570"
Printing machine operators,51-5023,"155,980","23,150","132,820"
Laundry and dry-cleaning workers,51-6011,"108,230","59,690","48,540"
"Pressers, textile, garment, and related materials",51-6021,"44,870","27,030","17,840"
Sewing machine operators,51-6031,"250,690","193,360","57,330"
Shoe and leather workers and repairers,51-6041,"10,900","2,560","8,340"
Shoe machine operators and tenders,51-6042,"5,990","3,550","2,440"
"Tailors, dressmakers, and sewers",51-6050,"52,600","37,060","15,550"
Textile bleaching and dyeing machine operators and tenders,51-6061,"6,570","1,230","5,340"
"Textile cutting machine setters, operators, and tenders",51-6062,"10,160","4,140","6,020"
"Textile knitting and weaving machine setters, operators, and tenders",51-6063,"23,610","14,310","9,300"
"Textile winding, twisting, and drawing out machine setters, operators, and tenders",51-6064,"26,700","16,920","9,790"
"Extruding and forming machine setters, operators, and tenders, synthetic and glass fibers",51-6091,"1,090",290,800
Fabric and apparel patternmakers,51-6092,"3,720","2,780",940
Upholsterers,51-6093,"39,340","7,810","31,530"
"Textile, apparel, and furnishings workers, all other",51-6099,"28,390","13,810","14,580"
Cabinetmakers and bench carpenters,51-7011,"59,600","3,710","55,890"
Furniture finishers,51-7021,"17,960","3,560","14,400"
"Model makers and patternmakers, wood",51-7030,940,120,820
"Sawing machine setters, operators, and tenders, wood",51-7041,"42,720","5,400","37,320"
"Woodworking machine setters, operators, and tenders, except sawing",51-7042,"30,980","7,690","23,290"
"Woodworkers, all other",51-7099,"23,510","2,110","21,400"
"Power plant operators, distributors, and dispatchers",51-8010,"37,660","2,750","34,910"
Stationary engineers and boiler operators,51-8021,"82,740","2,360","80,380"
Water and liquid waste treatment plant and system operators,51-8031,"63,120","3,340","59,780"
Miscellaneous plant and system operators,51-8090,"35,340","2,390","32,960"
"Chemical processing machine setters, operators, and tenders",51-9010,"54,930","6,490","48,440"
"Crushing, grinding, polishing, mixing, and blending workers",51-9020,"79,140","9,860","69,280"
Cutting workers,51-9030,"66,390","14,770","51,610"
"Extruding, forming, pressing, and compacting machine setters, operators, and  tenders",51-9041,"32,790","7,030","25,770"
"Furnace, kiln, oven, drier, and kettle operators and tenders",51-9051,"16,570","4,850","11,720"
"Inspectors, testers, sorters, samplers, and weighers",51-9061,"637,750","267,130","370,620"
Jewelers and precious stone and metal workers,51-9071,"29,040","7,610","21,430"
"Medical, dental, and ophthalmic laboratory technicians",51-9080,"63,030","26,770","36,260"
Packaging and filling machine operators and tenders,51-9111,"162,710","91,990","70,720"
Painting workers,51-9120,"122,820","17,420","105,390"
Photographic process workers and processing machine operators,51-9130,"45,620","23,140","22,480"
Semiconductor processors,51-9141,"4,920","2,110","2,810"
Cementing and gluing machine operators and tenders,51-9191,"12,720","5,430","7,280"
"Cleaning, washing, and metal pickling equipment operators and tenders",51-9192,"9,500","2,630","6,870"
Cooling and freezing equipment operators and tenders,51-9193,"2,540",270,"2,270"
Etchers and engravers,51-9194,"9,750","3,380","6,370"
"Molders, shapers, and casters, except metal and plastic",51-9195,"23,240","3,450","19,790"
"Paper goods machine setters, operators, and tenders",51-9196,"32,700","6,930","25,770"
Tire builders,51-9197,"18,670","1,210","17,460"
"Helpers, production workers",51-9198,"23,460","4,800","18,660"
"Production workers, all other",51-9199,"889,550","273,750","615,790"
"Supervisors, transportation and material moving workers",53-1000,"193,010","33,540","159,470"
Aircraft pilots and flight engineers,53-2010,"82,230","2,870","79,360"
Air traffic controllers and airfield operations specialists,53-2020,"31,860","5,420","26,440"
"Ambulance drivers and attendants, except emergency medical technicians",53-3011,"3,280",850,"2,430"
Bus drivers,53-3020,"186,740","64,610","122,130"
Driver/sales workers and truck drivers,53-3030,"2,130,980","89,580","2,041,390"
Taxi drivers and chauffeurs,53-3041,"112,180","12,180","99,990"
"Motor vehicle operators, all other",53-3099,"7,010",750,"6,260"
Locomotive engineers and operators,53-4010,"41,940","1,580","40,350"
"Railroad brake, signal, and switch operators",53-4021,"7,840",210,"7,630"
Railroad conductors and yardmasters,53-4031,"39,090","1,990","37,100"
"Subway, streetcar, and other rail transportation workers",53-4041 & 53-4099,"7,970",700,"7,270"
Sailors and marine oilers,53-5011,"9,650",500,"9,150"
Ship and boat captains and operators,53-5020,"17,650",500,"17,150"
Ship engineers,53-5031,"3,380",70,"3,310"
Bridge and lock tenders,53-6011,"3,740",480,"3,260"
Parking lot attendants,53-6021,"22,540","2,900","19,640"
Service station attendants,53-6031,"46,300","9,710","36,590"
Transportation inspectors,53-6051,"32,580","4,590","27,990"
Other transportation workers,53-6041 & 53-6099,"10,390","1,350","9,040"
Conveyor operators and tenders,53-7011,"3,910",620,"3,290"
Crane and Tower Operators,53-7021,"55,450","1,650","53,790"
"Dredge, excavating, and loading machine operators",53-7030,"38,970",610,"38,360"
Hoist and winch operators,53-7041,"5,830",310,"5,520"
Industrial truck and tractor operators,53-7051,"350,490","28,330","322,160"
Cleaners of vehicles and equipment,53-7061,"144,590","23,630","120,960"
"Laborers and freight, stock, and material movers, hand",53-7062,"952,880","161,830","791,050"
Machine feeders and offbearers,53-7063,"31,690","11,520","20,170"
"Packers and packagers, hand",53-7064,"177,890","107,980","69,910"
Pumping station operators,53-7070,"14,830",540,"14,300"
Refuse and recyclable material collectors,53-7081,"50,590","3,510","47,080"
Shuttle car operators,53-7111,"1,470",150,"1,320"
"Tank car, truck, and ship loaders",53-7121,"3,610",170,"3,440"
"Material moving workers, all other",53-7199,"39,430","6,020","33,400"